"Timestep","M","SmoothM"
0,0.064274027155945,0.0645385211375712
0.2002002002002,0.0613037873550676,0.0648632497175811
0.4004004004004,0.0641466399792715,0.0651879654521848
0.600600600600601,0.0589919402176669,0.0655126554964842
0.800800800800801,0.0585089704604894,0.0658373070065976
1.001001001001,0.0631362093162916,0.0661619071401674
1.2012012012012,0.0690812319866983,0.0664864430568683
1.4014014014014,0.0635373732660835,0.0668109019189155
1.6016016016016,0.0687298282275779,0.0671352708915721
1.8018018018018,0.0709529373068449,0.067459537143657
2.002002002002,0.0618247548301975,0.0677836878480525
2.2022022022022,0.0723411202661401,0.0681077101822117
2.4024024024024,0.0665793764487849,0.0684315913286654
2.6026026026026,0.0657185692800595,0.0687553184755299
2.8028028028028,0.0640256150482582,0.069078878817013
3.003003003003,0.0642295314985547,0.0694022595539208
3.2032032032032,0.0731354244626374,0.0697254478941643
3.4034034034034,0.0680510667944372,0.0700484310532652
3.6036036036036,0.0736188024989169,0.0703711962548614
3.8038038038038,0.0769354594855735,0.0706937307312129
4.004004004004,0.0726082236392705,0.0710160217237064
4.2042042042042,0.0657592079031404,0.0713380564833603
4.4044044044044,0.0695105577210481,0.0716598222713288
4.6046046046046,0.0817896958218911,0.0719813063594059
4.8048048048048,0.0775886179452642,0.072302496030529
5.00500500500501,0.0676370934376968,0.0726233785792817
5.20520520520521,0.0757658829647396,0.0729439413123968
5.40540540540541,0.0775985893601536,0.073264171549258
5.60560560560561,0.0727473371607206,0.0735840566224016
5.80580580580581,0.0785597709153113,0.0739035838780178
6.00600600600601,0.0689127944721489,0.0742227406764511
6.20620620620621,0.0751413260101318,0.0745415143927003
6.40640640640641,0.0671821312089394,0.0748598924169179
6.60660660660661,0.0773086716032124,0.0751778621549089
6.80680680680681,0.0710645189850564,0.0754954110286291
7.00700700700701,0.0777700454989577,0.0758125264766825
7.20720720720721,0.0783137521292619,0.0761291959548185
7.40740740740741,0.06564985646819,0.0764454069364275
7.60760760760761,0.0724700814998455,0.0767611469130371
7.80780780780781,0.073740698156771,0.0770764033948066
8.00800800800801,0.0659569690953929,0.077391163911021
8.20820820820821,0.0760744714537954,0.0777054160105843
8.40840840840841,0.0757551706928421,0.0780191472625125
8.60860860860861,0.077422446255435,0.0783323452564245
8.80880880880881,0.071796846900431,0.0786449976030337
9.00900900900901,0.0814354360359493,0.0789570919346379
9.20920920920921,0.0733095282596712,0.0792686159056084
9.40940940940941,0.0815224966101824,0.0795795571928786
9.60960960960961,0.0785921448826127,0.0798899034964311
9.80980980980981,0.0691974713197123,0.0801996425397847
10.01001001001,0.0712783292062932,0.0805087620704798
10.2102102102102,0.0841920582397206,0.080817249860563
10.4104104104104,0.0846575316261629,0.0811250937070708
10.6106106106106,0.0834038097161162,0.0814322814325127
10.8108108108108,0.0826580842559702,0.0817388008853523
11.011011011011,0.0829879295305747,0.0820446399404886
11.2112112112112,0.0781218133206744,0.082349786499735
11.4114114114114,0.0888740996429874,0.0826542284922986
11.6116116116116,0.0899161556888233,0.082957953875257
11.8118118118118,0.0769109730228307,0.083260950634035
12.012012012012,0.0935083617429898,0.0835632067828801
12.2122122122122,0.0844130284418057,0.0838647103653362
12.4124124124124,0.0907976669951876,0.0841654494547166
12.6126126126126,0.0771061214398233,0.0844654121545762
12.8128128128128,0.0828779118384628,0.0847645865991817
13.013013013013,0.085102542554315,0.0850629609539811
13.2132132132132,0.0876584900232769,0.0853605234160718
13.4134134134134,0.0829146401333491,0.0856572622146676
13.6136136136136,0.082701521596894,0.0859531656115643
13.8138138138138,0.0870212460184508,0.0862482219016038
14.014014014014,0.0952556903709238,0.0865424194131376
14.2142142142142,0.0906476084158453,0.0868357465084879
14.4144144144144,0.0890442501349264,0.0871281915844085
14.6146146146146,0.0817570430590677,0.0874197430725435
14.8148148148148,0.0996734162254048,0.0877103894398849
15.015015015015,0.0805103633265012,0.088000119189229
15.2152152152152,0.0891692765905581,0.0882889208596309
15.4154154154154,0.0861406252028228,0.0885767830268584
15.6156156156156,0.079870722300274,0.0888636943038432
15.8158158158158,0.0895930630895901,0.089149643341132
16.016016016016,0.0878736333402535,0.089434618827335
16.2162162162162,0.0956948838375899,0.0897186094895735
16.4164164164164,0.089762580206985,0.0900016040939259
16.6166166166166,0.0873990782049668,0.090283591445872
16.8168168168168,0.0885551873859718,0.0905645603907359
17.017017017017,0.0828793354044969,0.0908444998141272
17.2172172172172,0.091666087441637,0.0911233986423805
17.4174174174174,0.0831323790206079,0.0914012458429938
17.6176176176176,0.0822254370055084,0.0916780304250646
17.8178178178178,0.0958487260246554,0.0919537414397248
18.018018018018,0.0876204619033944,0.0922283679805739
18.2182182182182,0.09528606892226,0.0925018991841101
18.4184184184184,0.0878254171736709,0.0927743242301605
18.6186186186186,0.103381956680031,0.0930456323423087
18.8188188188188,0.0898753636469347,0.0933158127883213
19.019019019019,0.0893741466142184,0.0935848548805725
19.2192192192192,0.0984509867913165,0.0938527479764667
19.4194194194194,0.0931108898167438,0.0941194814788594
19.6196196196196,0.0887209933025827,0.0943850448364769
19.8198198198198,0.0892675807044882,0.0946494275443331
20.02002002002,0.0986991406758803,0.0949126191441454
20.2202202202202,0.0977997900887873,0.0951746092247481
20.4204204204204,0.0880023619228742,0.0954353874225047
20.6206206206206,0.0894583608958788,0.0956949434217174
20.8208208208208,0.103355117405502,0.0959532669550354
21.021021021021,0.103644751330955,0.0962103478038612
21.2212212212212,0.0993158246029572,0.0964661757987542
21.4214214214214,0.0979760232487417,0.0967207408198337
21.6216216216216,0.0964448379922248,0.0969740327971789
21.8218218218218,0.103514935926695,0.0972260417112273
22.022022022022,0.104508216001146,0.0974767575931706
22.2222222222222,0.102078595762739,0.09772617052535
22.4224224224224,0.0968706384464067,0.0979742706416477
22.6226226226226,0.101126326103676,0.0982210481278772
22.8228228228228,0.0983529426627298,0.0984664932221722
23.023023023023,0.0944483589895792,0.098710596215372
23.2232232232232,0.101927887443294,0.098953347451406
23.4234234234234,0.0945184919991663,0.0991947373276756
23.6236236236236,0.0996727435962136,0.0994347562954338
23.8238238238238,0.0982347782192638,0.0996733948601634
24.024024024024,0.102361099562831,0.099910643581952
24.2242242242242,0.102517711307745,0.100146493075866
24.4244244244244,0.09417768603527,0.100380934012321
24.6246246246246,0.0988744901125303,0.100613957117453
24.8248248248248,0.103466588009526,0.100845553173481
25.025025025025,0.105398254964786,0.101075713019077
25.2252252252252,0.094878972707879,0.101304427549724
25.4254254254254,0.103016401797925,0.101531687718079
25.6256256256256,0.103171404267199,0.101757484534328
25.8258258258258,0.0954197784552442,0.101981809066546
26.026026026026,0.102129430870197,0.102204652441044
26.2262262262262,0.100821048889134,0.102426005842728
26.4264264264264,0.105658912079184,0.10264586051544
26.6266266266266,0.106210111364868,0.102864207762309
26.8268268268268,0.101183842362121,0.103081038946094
27.027027027027,0.0994587396946552,0.103296345489525
27.2272272272272,0.0944042593395626,0.103510118875643
27.4274274274274,0.101549158459737,0.103722350648138
27.6276276276276,0.104377437136209,0.103933032411679
27.8278278278278,0.106209582825663,0.104142155832252
28.028028028028,0.0984104827028991,0.104349712637485
28.2282282282282,0.107956179593202,0.10455569461698
28.4284284284284,0.11962015281518,0.104760093622632
28.6286286286286,0.1161609762445,0.104962901568955
28.8288288288288,0.112623501110903,0.105164110433402
29.029029029029,0.104401234770341,0.105363712256681
29.2292292292292,0.105878214994769,0.105561699143071
29.4294294294294,0.101291824461045,0.105758063260732
29.6296296296296,0.11036561285695,0.105952796842017
29.8298298298298,0.10192545876747,0.10614589218378
30.03003003003,0.104467495492795,0.106337341647679
30.2302302302302,0.116383842381996,0.106527137660477
30.4304304304304,0.107322550237282,0.106715272714345
30.6306306306306,0.105386865275901,0.106901739367155
30.8308308308308,0.113216471026723,0.107086530242781
31.031031031031,0.109446599939042,0.10726963803138
31.2312312312312,0.108872784423478,0.107451055489693
31.4314314314314,0.104664176210427,0.107630775441323
31.6316316316316,0.108405201830817,0.107808790777023
31.8318318318318,0.111849752812252,0.107985094454975
32.032032032032,0.109865983363812,0.108159679501071
32.2322322322322,0.112045636537449,0.108332539009188
32.4324324324324,0.113040127485915,0.108503666141458
32.6326326326326,0.108153541988948,0.108673054128545
32.8328328328328,0.106835444347404,0.108840696269905
33.033033033033,0.112954470433427,0.109006585934058
33.2332332332332,0.114882237205576,0.109170716558846
33.4334334334334,0.10604946613656,0.109333081651695
33.6336336336336,0.100605707447847,0.109493674789869
33.8338338338338,0.104874403807561,0.109652489620729
34.034034034034,0.107969075637733,0.109809519861977
34.2342342342342,0.117085392792491,0.109964759301912
34.4344344344344,0.109594932145939,0.11011820179967
34.6346346346346,0.112361946093205,0.110269841285472
34.8348348348348,0.102592023433044,0.110419671760859
35.035035035035,0.106768206282934,0.110567687298933
35.2352352352352,0.113108109564242,0.11071388204459
35.4354354354354,0.112709976651725,0.11085825021475
35.6356356356356,0.109145181929481,0.11100078609859
35.8358358358358,0.11365851363321,0.111141484057766
36.036036036036,0.103580936324797,0.111280338526639
36.2362362362362,0.100253919206581,0.11141734401249
36.4364364364364,0.102992899847379,0.111552495095745
36.6366366366366,0.105570962447761,0.111685786430184
36.8368368368368,0.112183955745508,0.111817212743152
37.037037037037,0.108171319673301,0.111946768835772
37.2372372372372,0.115642197357071,0.112074449583145
37.4374374374374,0.105725346445768,0.112200249934559
37.6376376376376,0.116573453875828,0.112324164913683
37.8378378378378,0.113234602791461,0.112446189618768
38.038038038038,0.111824247483387,0.112566319222838
38.2382382382382,0.111663222911779,0.112684548973882
38.4384384384384,0.121367646349269,0.112800874195044
38.6386386386386,0.115904675485747,0.112915290284804
38.8388388388388,0.109874432930552,0.113027792717164
39.039039039039,0.113770620212053,0.113138377041824
39.2392392392392,0.111027994498773,0.113247038884361
39.4394394394394,0.111971852108257,0.113353773946398
39.6396396396396,0.111041070147165,0.113458578005777
39.8398398398398,0.108450894176321,0.113561446916726
40.04004004004,0.111286063002224,0.113662376610024
40.2402402402402,0.109986226446497,0.113761363093156
40.4404404404404,0.113635670025192,0.113858402450479
40.6406406406406,0.117728402255944,0.113953490843372
40.8408408408408,0.124292731954322,0.114046624510389
41.041041041041,0.116206592597771,0.114137799767408
41.2412412412412,0.108625585301932,0.114227013007775
41.4414414414414,0.117700968317852,0.114314260702451
41.6416416416416,0.116526085691137,0.114399539400146
41.8418418418418,0.110106731547487,0.114482845727461
42.042042042042,0.117587147491717,0.114564176389017
42.2422422422422,0.128584931373082,0.114643528167586
42.4424424424424,0.108036180960969,0.114720897924223
42.6426426426426,0.114700409042171,0.114796282598384
42.8428428428428,0.118333983882719,0.114869679208049
43.043043043043,0.106155410512057,0.114941084849843
43.2432432432432,0.107859073328422,0.115010496699146
43.4434434434434,0.117005711925077,0.115077912010209
43.6436436436436,0.110433348626923,0.11514332811626
43.8438438438438,0.119175235245635,0.115206742429611
44.044044044044,0.111145706017809,0.115268152441758
44.2442442442442,0.113446321508051,0.115327555723483
44.4444444444444,0.121144115020222,0.115384949924949
44.6446446446447,0.109842563683668,0.115440332775793
44.8448448448449,0.117344210675812,0.115493702085215
45.0450450450451,0.113960225206695,0.115545055742067
45.2452452452453,0.116444768817101,0.115594391714932
45.4454454454455,0.119184804424761,0.115641708052211
45.6456456456457,0.112361384524307,0.115687002882193
45.8458458458459,0.121683402738256,0.115730274413134
46.0460460460461,0.115222010732882,0.115771520933328
46.2462462462463,0.116442037198038,0.115810740811169
46.4464464464465,0.115291105352642,0.115847932495224
46.6466466466467,0.120077328721847,0.115883094514288
46.8468468468469,0.118832667122683,0.115916225477443
47.0470470470471,0.12369565379436,0.115947324074116
47.2472472472473,0.109152853088138,0.115976389074129
47.4474474474475,0.11223578308965,0.116003419327746
47.6476476476477,0.118443030131952,0.116028413765724
47.8478478478479,0.110025684702382,0.116051371399346
48.0480480480481,0.117011845995121,0.116072291320471
48.2482482482483,0.110130004155706,0.11609117270156
48.4484484484485,0.116787815273015,0.116108014795717
48.6486486486487,0.113171850954107,0.116122816936712
48.8488488488489,0.112696829402821,0.116135578539012
49.0490490490491,0.109557503659771,0.116146299097802
49.2492492492493,0.11597490605961,0.116154978189005
49.4494494494495,0.114938080780425,0.116161615469297
49.6496496496497,0.116638808409979,0.116166210676128
49.8498498498499,0.10940104246382,0.116168763627721
50.0500500500501,0.117439386079876,0.116169274223089
50.2502502502503,0.114935545388461,0.116167742442034
50.4504504504505,0.115803626780334,0.11616416834515
50.6506506506507,0.118200160576096,0.116158552073817
50.8508508508509,0.119968401905701,0.116150893850202
51.0510510510511,0.124619558699422,0.116141193977244
51.2512512512513,0.10144967318413,0.116129452838642
51.4514514514515,0.112315960183481,0.116115670898847
51.6516516516517,0.120224091759761,0.116099848703035
51.8518518518519,0.105856379463927,0.116081986877091
52.0520520520521,0.107953613908456,0.116062086127581
52.2522522522523,0.11307485144101,0.116040147241727
52.4524524524525,0.119163605361359,0.116016171087373
52.6526526526527,0.117066034872051,0.115990158612952
52.8528528528529,0.114160195371758,0.115962110847449
53.0530530530531,0.113336679998884,0.11593202890036
53.2532532532533,0.115374627410232,0.115899913961648
53.4534534534535,0.117943168375348,0.115865767301695
53.6536536536537,0.11354522269631,0.115829590271252
53.8538538538539,0.114233363133855,0.115791384301387
54.0540540540541,0.109031848455614,0.115751150903428
54.2542542542543,0.11645092697202,0.115708891668902
54.4544544544545,0.117986342098149,0.115664608269473
54.6546546546547,0.114550583821776,0.115618302456875
54.8548548548549,0.115981592894024,0.115569976062845
55.0550550550551,0.112419889802434,0.115519630999046
55.2552552552553,0.111330678673734,0.115467269256997
55.4554554554555,0.109682568345218,0.11541289290799
55.6556556556557,0.112337460808631,0.11535650410301
55.8558558558559,0.111937709260129,0.115298105072649
56.0560560560561,0.123411726537558,0.11523769812702
56.2562562562563,0.121569649421095,0.115175285655662
56.4564564564565,0.113419079670567,0.115110870127447
56.6566566566567,0.113764638245663,0.115044454090483
56.8568568568569,0.105117717481913,0.114976040172015
57.0570570570571,0.110762099558679,0.114905631078316
57.2572572572573,0.122608587291268,0.114833229594584
57.4574574574575,0.114455919335496,0.114758838584831
57.6576576576577,0.109888228987733,0.114682460991769
57.8578578578579,0.106544462036836,0.114604099836695
58.0580580580581,0.119191756043007,0.114523758219369
58.2582582582583,0.1091930858187,0.114441439317893
58.4584584584585,0.115878774844559,0.114357146388586
58.6586586586587,0.119627226944092,0.114270882765854
58.8588588588589,0.10185778565308,0.114182651862059
59.0590590590591,0.112022082158455,0.114092457167381
59.2592592592593,0.1143499781296,0.114000302249687
59.4594594594595,0.116546389279839,0.11390619075438
59.6596596596597,0.119702819124056,0.113810126404265
59.8598598598599,0.113944958243167,0.113712112999392
60.0600600600601,0.120241302114159,0.113612154416913
60.2602602602603,0.105471939283568,0.113510254610928
60.4604604604605,0.110356212129056,0.113406417612322
60.6606606606607,0.116180353423923,0.113300647528615
60.8608608608609,0.111362847852247,0.113192948543791
61.0610610610611,0.118912366805764,0.113083324918139
61.2612612612613,0.104841131667302,0.112971780988079
61.4614614614615,0.11208636393209,0.112858321165996
61.6616616616617,0.11839267302941,0.112742949940061
61.8618618618619,0.102242644381986,0.112625671874055
62.0620620620621,0.11247713803312,0.11250649160719
62.2622622622623,0.109652949906441,0.112385413853921
62.4624624624625,0.124233829699395,0.112262443403767
62.6626626626627,0.115201627451256,0.112137585121114
62.8628628628629,0.113004862628794,0.112010843945025
63.0630630630631,0.114196995675103,0.111882224889048
63.2632632632633,0.116834044061684,0.111751733041013
63.4634634634635,0.0972136350391651,0.111619373562834
63.6636636636637,0.104342997446056,0.111485151690303
63.8638638638639,0.108566863316099,0.111349072732882
64.0640640640641,0.109550045515732,0.111211142073497
64.2642642642643,0.110992351275354,0.11107136516832
64.4644644644645,0.107145706938294,0.110929747546558
64.6646646646647,0.104671827568537,0.11078629481023
64.8648648648649,0.109165211526584,0.110641012633947
65.0650650650651,0.112994650261893,0.11049390676469
65.2652652652653,0.111047607608062,0.110344983021579
65.4654654654655,0.106321852145869,0.110194247295644
65.6656656656657,0.119246156554286,0.110041705549593
65.8658658658659,0.111908708605153,0.109887363817575
66.0660660660661,0.112912873642013,0.109731228204943
66.2662662662663,0.10491934899436,0.109573304888009
66.4664664664665,0.098296388019649,0.109413600113802
66.6666666666667,0.118859550491181,0.109252120199824
66.8668668668669,0.110656138603926,0.109088871533792
67.0670670670671,0.110666520981852,0.108923860573395
67.2672672672673,0.114583057340777,0.10875709384603
67.4674674674675,0.110064713127309,0.108588577948549
67.6676676676677,0.10946139275,0.108418319546997
67.8678678678679,0.100399928584856,0.108246325376347
68.0680680680681,0.0950525243463504,0.108072602240234
68.2682682682683,0.116603664598116,0.107897157010689
68.4684684684685,0.1083798316509,0.107719996627861
68.6686686686687,0.112831030553252,0.107541128099748
68.8688688688689,0.108379184360879,0.107360558501918
69.0690690690691,0.106720561635853,0.107178294977226
69.2692692692693,0.107217886225801,0.106994344735538
69.4694694694695,0.106707396355916,0.10680871505344
69.6696696696697,0.102276605397607,0.106621413273953
69.8698698698699,0.108191321167572,0.106432446806241
70.0700700700701,0.107158584257799,0.106241823125319
70.2702702702703,0.0985992759572428,0.106049549771758
70.4704704704705,0.103539040398638,0.105855634351383
70.6706706706707,0.106475276401716,0.105660084534978
70.8708708708709,0.107667374306626,0.105462908057978
71.0710710710711,0.103280094091496,0.105264112720164
71.2712712712713,0.106923106022733,0.105063706385355
71.4714714714715,0.0990982990901101,0.104861696981097
71.6716716716717,0.0988739760954106,0.10465809249835
71.8718718718719,0.107163004594968,0.10445290099117
72.0720720720721,0.114238194523629,0.104246130576392
72.2722722722723,0.100161598092153,0.104037789433308
72.4724724724725,0.0981337987022476,0.103827885803344
72.6726726726727,0.0959691987964823,0.103616427989735
72.8728728728729,0.100117163057029,0.103403424357193
73.0730730730731,0.0968796180661775,0.103188883331581
73.2732732732733,0.102668248625152,0.102972813399576
73.4734734734735,0.105865545149537,0.102755223108334
73.6736736736737,0.104616382764099,0.102536121065153
73.8738738738739,0.0935628279986625,0.102315515937133
74.0740740740741,0.100021755720177,0.102093416450831
74.2742742742743,0.104647651741249,0.101869831391916
74.4744744744745,0.104982148765443,0.101644769604823
74.6746746746747,0.108722196584553,0.101418239992404
74.8748748748749,0.101011070575778,0.101190251515573
75.0750750750751,0.114783813314529,0.100960813192951
75.2752752752753,0.102600330131083,0.100729934100515
75.4754754754755,0.0955811933334064,0.100497623371233
75.6756756756757,0.0970294483729803,0.100263890194703
75.8758758758759,0.0996651443944498,0.100028743816794
76.0760760760761,0.099854765423918,0.0997921935392766
76.2762762762763,0.0977604680069111,0.0995542487194559
76.4764764764765,0.100979828717747,0.0993149187698014
76.6766766766767,0.0958246738837487,0.0990742131575746
76.8768768768769,0.09432233008758,0.0988321414044549
77.0770770770771,0.090743746017352,0.0985887130861622
77.2772772772773,0.0988830408791524,0.0983439378320789
77.4774774774775,0.0987444851123324,0.0980978253248684
77.6776776776777,0.100839837107072,0.0978503853000924
77.8778778778779,0.096270657249771,0.0976016275458258
78.0780780780781,0.105959440497578,0.0973515619022692
78.2782782782783,0.0932654609743881,0.0971001982613599
78.4784784784785,0.0894058198502158,0.0968475465663807
78.6786786786787,0.0996759759275448,0.0965936168115663
78.8788788788789,0.105115547162082,0.0963384190417081
79.0790790790791,0.0926156751432758,0.0960819633517567
79.2792792792793,0.0995808682549848,0.095824259886423
79.4794794794795,0.0956442132743552,0.0955653188397763
79.6796796796797,0.0902709893849778,0.0953051504548416
79.8798798798799,0.097451617909211,0.095043765023194
80.0800800800801,0.0918495731919158,0.0947811728845517
80.2802802802803,0.0925327595684094,0.0945173844263673
80.4804804804805,0.0901120305186922,0.0942524100834165
80.6806806806807,0.0933454588234242,0.0939862603373853
80.8808808808809,0.0885775412406648,0.0937189457164559
81.0810810810811,0.0883671396737969,0.0934504767948897
81.2812812812813,0.100090428818562,0.093180864192609
81.4814814814815,0.0917870294979263,0.0929101185747775
81.6816816816817,0.0968525390929887,0.0926382506513776
81.8818818818819,0.0933566681340408,0.0923652711767875
82.0820820820821,0.0882621076207962,0.0920911909493551
82.2822822822823,0.0953081632138066,0.0918160208109715
82.4824824824825,0.0869540804079114,0.0915397716466415
82.6826826826827,0.0974871699973035,0.0912624543840536
82.8828828828829,0.0860294583153094,0.0909840799931473
83.0830830830831,0.0930641673482352,0.0907046594856793
83.2832832832833,0.0909756015820884,0.090424203914788
83.4834834834835,0.0883118487646415,0.090142724374556
83.6836836836837,0.0949647864036999,0.0898602319995716
83.8838838838839,0.0879215781817143,0.0895767379644881
84.0840840840841,0.0872599419339986,0.089292253483582
84.2842842842843,0.0919574105412018,0.0890067898103089
84.4844844844845,0.086628917579857,0.0887203582368588
84.6846846846847,0.0986531893792548,0.0884329700937095
84.8848848848849,0.0858378908674251,0.088144636749178
85.0850850850851,0.083457451658915,0.0878553696089708
85.2852852852853,0.0924471448667252,0.0875651801157331
85.4854854854855,0.0894091781459628,0.087274079748596
85.6856856856857,0.0892744107245249,0.0869820800227223
85.8858858858859,0.085726852650745,0.0866891924888509
86.0860860860861,0.101687978852661,0.0863954287328404
86.2862862862863,0.0791953826620345,0.08610080037521
86.4864864864865,0.0891490632877023,0.0858053190706807
86.6866866866867,0.088397054735906,0.0855089965077134
86.8868868868869,0.0849817224304803,0.0852118444080473
87.0870870870871,0.0824730979154448,0.0849138745262358
87.2872872872873,0.0861432155455468,0.0846150986491815
87.4874874874875,0.0908295599840648,0.0843155285956702
87.6876876876877,0.0795684247959749,0.084015176215903
87.8878878878879,0.0920811107526576,0.083714053391028
88.0880880880881,0.0793929333420525,0.0834121720326699
88.2882882882883,0.0821299560495054,0.0831095440824592
88.4884884884885,0.0900681755292018,0.0828061815115593
88.6886886886887,0.0770680276171107,0.0825020963201936
88.8888888888889,0.0812352712766533,0.0821973005371702
89.0890890890891,0.080265599732853,0.0818918062194064
89.2892892892893,0.0832549467566013,0.0815856254514518
89.4894894894895,0.0783347333336702,0.0812787703450099
89.6896896896897,0.0855449885894149,0.0809712530384596
89.8898898898899,0.0720784166181816,0.0806630856963744
90.0900900900901,0.0776079902354031,0.0803542805090417
90.2902902902903,0.0858667030415156,0.0800448496919802
90.4904904904905,0.0732355191659655,0.0797348054854569
90.6906906906907,0.0764885602483742,0.079424160154003
90.8908908908909,0.0811522662717998,0.0791129259859285
91.0910910910911,0.0728753590506893,0.0788011152928363
91.2912912912913,0.0845756387119422,0.0784887404091349
91.4914914914915,0.0847603891915045,0.078175813691551
91.6916916916917,0.0782272466525563,0.0778623475186402
91.8918918918919,0.0744042857398185,0.0775483542902976
92.0920920920921,0.0860684537592875,0.0772338464272672
92.2922922922923,0.0707601572932562,0.0769188363706505
92.4924924924925,0.0690665784197902,0.0766033365814147
92.6926926926927,0.082462630882929,0.0762873595398992
92.8928928928929,0.0672353495426682,0.0759709177453225
93.0930930930931,0.0757720895693918,0.0756540237152875
93.2932932932933,0.0738795906234895,0.0753366899852861
93.4934934934935,0.0735722438054167,0.0750189291082038
93.6936936936937,0.0608413773379861,0.0747007536538229
93.8938938938939,0.0779716095742455,0.0743821762083252
94.0940940940941,0.0744081587149455,0.0740632093737942
94.2942942942943,0.0731281302288654,0.0737438657677167
94.4944944944945,0.0706151541107002,0.0734241580224835
94.6946946946947,0.0723394733202012,0.0731040987848898
94.8948948948949,0.0735011079809765,0.0727837007156349
95.0950950950951,0.0745162968233341,0.0724629764888215
95.2952952952953,0.076238921804438,0.0721419387914541
95.4954954954955,0.0703149705450579,0.0718206003229373
95.6956956956957,0.0726999253366241,0.0714989737945734
95.8958958958959,0.0735540640728577,0.0711770719290597
96.0960960960961,0.0793534187483844,0.0708549074599849
96.2962962962963,0.06735190735358,0.0705324931313259
96.4964964964965,0.0677017149431193,0.0702098416969431
96.6966966966967,0.067984673885764,0.0698869659200763
96.8968968968969,0.0652530440868838,0.0695638785728398
97.0970970970971,0.0744314204050408,0.0692405924357168
97.2972972972973,0.0732366503567412,0.0689171202970543
97.4974974974975,0.0629349467230362,0.0685934749525571
97.6976976976977,0.0648153938333131,0.0682696692047813
97.8978978978979,0.0719220492107664,0.0679457158626284
98.0980980980981,0.0648616513460672,0.0676216277408382
98.2982982982983,0.0611767690092305,0.0672974176594821
98.4984984984985,0.072592751460575,0.0669730984434558
98.6986986986987,0.0674570312599739,0.0666486829219721
98.8988988988989,0.0661071899083546,0.0663241839280535
99.0990990990991,0.0659023039717243,0.0659996142980243
99.2992992992993,0.0598917229293439,0.0656749868710032
99.4994994994995,0.0611573931219891,0.0653503144883949
99.6996996996997,0.0550118696867584,0.0650256099933827
99.8998998998999,0.0686918535263387,0.06470088623042
100.1001001001,0.0698349163941998,0.0643761560447224
100.3003003003,0.0592650357127891,0.0640514322817596
100.500500500501,0.0608059449401436,0.0637267277867474
100.700700700701,0.0619001238573089,0.0634020554041391
100.900900900901,0.0556775266027283,0.063077427977118
101.101101101101,0.0578789653706943,0.0627528583470889
101.301301301301,0.0754497086036531,0.0624283593531703
101.501501501502,0.0629908673597186,0.0621039438316866
101.701701701702,0.061179248352888,0.0617796246156603
101.901901901902,0.0543259612867283,0.0614554145343041
102.102102102102,0.058944874028692,0.0611313264125139
102.302302302302,0.0564531374695711,0.060807373070361
102.502502502503,0.0473364721697067,0.0604835673225853
102.702702702703,0.0565655130700948,0.060159921978088
102.902902902903,0.0585705697032875,0.0598364498394256
103.103103103103,0.0557666037275209,0.0595131637023026
103.303303303303,0.067837882127404,0.059190076355066
103.503503503504,0.0556365769757341,0.0588672005781993
103.703703703704,0.054179516134407,0.0585445491438165
103.903903903904,0.0613669472333121,0.0582221348151574
104.104104104104,0.0586336219393822,0.0578999703460827
104.304304304304,0.0504711184708305,0.057578068480569
104.504504504505,0.0485304055354764,0.0572564419522051
104.704704704705,0.0552582501357409,0.0569351034836883
104.904904904905,0.0559433929910003,0.0566140657863209
105.105105105105,0.0515310960578442,0.0562933415595075
105.305305305305,0.0690311726209246,0.0559729434902526
105.505505505506,0.0503204013857852,0.0556528842526589
105.705705705706,0.0550637404000847,0.0553331765074256
105.905905905906,0.0481038567420729,0.0550138329013481
106.106106106106,0.0494837572058643,0.0546948660668171
106.306306306306,0.0508249771887232,0.0543762886213194
106.506506506507,0.0563168700498727,0.0540581131669385
106.706706706707,0.058763701072351,0.0537403522898562
106.906906906907,0.0528163770336339,0.0534230185598548
107.107107107107,0.0605574589886658,0.0531061245298198
107.307307307307,0.0517405740358128,0.0527896827352431
107.507507507508,0.0541226015286957,0.0524737056937276
107.707707707708,0.0482373934958218,0.0521582059044918
107.907907907908,0.0578126276630249,0.0518431958478751
108.108108108108,0.0480964492635242,0.0515286879848447
108.308308308308,0.0536020642483888,0.0512146947565021
108.508508508509,0.0512561141199257,0.0509012285835913
108.708708708709,0.06504196155803,0.0505883018660074
108.908908908909,0.0467514891207417,0.0502759269823061
109.109109109109,0.0457077976905617,0.0499641162892138
109.309309309309,0.0502804763476956,0.0496528821211393
109.50950950951,0.0482524974703406,0.0493422367896854
109.70970970971,0.0523720469913753,0.0490321925831622
109.90990990991,0.0508025390141614,0.0487227617661006
110.11011011011,0.050434032303714,0.0484139565787679
110.31031031031,0.0432182491659302,0.0481057892366827
110.510510510511,0.0565163406012652,0.0477982719301324
110.710710710711,0.0486701885027656,0.0474914168236906
110.910910910911,0.0449239442242898,0.0471852360557359
111.111111111111,0.0589218344838832,0.0468797417379721
111.311311311311,0.0441344329096528,0.0465749459549487
111.511511511512,0.0425883430207437,0.046270860763583
111.711711711712,0.0539147264185309,0.0459674981926832
111.911911911912,0.0497854544553708,0.0456648702424725
112.112112112112,0.0416324155569472,0.0453629888841144
112.312312312312,0.0456408181848149,0.0450618660592394
112.512512512513,0.0463511875208494,0.0447615136794722
112.712712712713,0.0372678001954156,0.0444619436259608
112.912912912913,0.0442523304452994,0.0441631677489065
113.113113113113,0.0377881211819971,0.043865197867095
113.313313313313,0.0429712528447333,0.043568045767429
113.513513513514,0.0450929529759896,0.0432717232044617
113.713713713714,0.0429465369209729,0.0429762418999323
113.913913913914,0.0450794547572291,0.042681613542302
114.114114114114,0.0380017118315066,0.0423878497862914
114.314314314314,0.0412842848673672,0.04209496225242
114.514514514515,0.0320132731966192,0.0418029625265463
114.714714714715,0.0312165112457016,0.0415118621594092
114.914914914915,0.0437264238432789,0.0412216726661716
115.115115115115,0.0424717402093684,0.0409324055259644
115.315315315315,0.043713723137817,0.0406440721814328
115.515515515516,0.0301850710838689,0.0403566840382835
115.715715715716,0.0430206734898233,0.0400702524648335
115.915915915916,0.0461444977908056,0.0397847887915604
116.116116116116,0.0291640782942154,0.0395003043106542
116.316316316316,0.0370916206369061,0.0392168102755708
116.516516516517,0.0468956027222134,0.0389343179005864
116.716716716717,0.0344487224585541,0.0386528383603544
116.916916916917,0.0426736645976814,0.038372382789463
117.117117117117,0.0400671632533091,0.038092962281995
117.317317317317,0.0416154674764351,0.0378145878910887
117.517517517518,0.0359742125438301,0.0375372706285008
117.717717717718,0.0276649209964312,0.0372610214641709
117.917917917918,0.0351428346624143,0.0369858513257873
118.118118118118,0.0337227034145139,0.0367117710983549
118.318318318318,0.0348556837208129,0.0364387916237648
118.518518518519,0.0392970890056146,0.0361669237003649
118.718718718719,0.036163221190865,0.0358961780825334
118.918918918919,0.0378189460116598,0.0356265654802527
119.119119119119,0.0293324392212686,0.0353580965586864
119.319319319319,0.0401227337159483,0.035090781937757
119.51951951952,0.034450567555286,0.0348246321917259
119.71971971972,0.0416544155083595,0.034559657848775
119.91991991992,0.0280413548830011,0.0342958693905906
120.12012012012,0.0341434275037071,0.0340332772519484
120.32032032032,0.0324177543616303,0.0337718918203007
120.520520520521,0.0323148381208572,0.033511723435366
120.720720720721,0.0362583648211993,0.0332527823887194
120.920920920921,0.0263700791869737,0.0329950789233856
121.121121121121,0.0317795817084556,0.0327386232334343
121.321321321321,0.0334595932397298,0.032483425463576
121.521521521522,0.0257496253932046,0.0322294957087616
121.721721721722,0.0369048799158341,0.0319768440137824
121.921921921922,0.0374372001508861,0.0317254803728732
122.122122122122,0.0217022197441224,0.0314754147293166
122.322322322322,0.0368884597470002,0.0312266569750499
122.522522522523,0.0225215523469542,0.030979216950274
122.722722722723,0.0287651425962142,0.0307331044430635
122.922922922923,0.0360719205255273,0.0304883291889802
123.123123123123,0.0304507220281843,0.0302449008706875
123.323323323323,0.0299186046793673,0.0300028291175677
123.523523523524,0.031016455797062,0.029762123505341
123.723723723724,0.024082561627826,0.0295227935556865
123.923923923924,0.0320753585665025,0.0292848487358658
124.124124124124,0.0263754222043813,0.0290482984583485
124.324324324324,0.0300528558064702,0.0288131520804396
124.524524524525,0.0286991833486065,0.0285794189039098
124.724724724725,0.0290951315867287,0.0283471081746269
124.924924924925,0.0282720128064925,0.0281162290821909
125.125125125125,0.0279903587739204,0.0278867907595697
125.325325325325,0.0332556676327878,0.0276588022827381
125.525525525526,0.0286073371394812,0.0274322726703192
125.725725725726,0.0358615980000938,0.0272072108832268
125.925925925926,0.0344074224513144,0.0269836258243117
126.126126126126,0.0333516678098769,0.0267615263380092
126.326326326326,0.0276114132349472,0.0265409212099892
126.526526526527,0.0171488178752203,0.0263218191668087
126.726726726727,0.0311247413091472,0.0261042288755668
126.926926926927,0.0324571570290544,0.0258881589435614
127.127127127127,0.027617928186097,0.0256736179179492
127.327327327327,0.0278178172918597,0.0254606142854074
127.527527527528,0.0265905091862469,0.0252491564717979
127.727727727728,0.026628165912726,0.0250392528418342
127.927927927928,0.0300009603878177,0.0248309116987502
128.128128128128,0.0273313862080219,0.024624141283972
128.328328328328,0.0213566911236163,0.0244189497767921
128.528528528529,0.0209159637845837,0.0242153452940451
128.728728728729,0.0262091307564531,0.0240133358897875
128.928928928929,0.0213783627007814,0.0238129295549785
129.129129129129,0.0160348315794966,0.0236141342171643
129.329329329329,0.0234786040101254,0.023416957740164
129.52952952953,0.0281207066079803,0.0232214079237591
129.72972972973,0.0208355906589694,0.0230274925033845
129.92992992993,0.0277755083781936,0.0228352191498229
130.13013013013,0.017789006892097,0.0226445954689011
130.33033033033,0.0198118713794316,0.022455629001189
130.530530530531,0.024558712355613,0.0222683272217019
130.730730730731,0.0324142142889889,0.0220826975396041
130.930930930931,0.0161071163320632,0.0218987472979163
131.131131131131,0.0271455017960171,0.0217164837732248
131.331331331331,0.0238642365441727,0.0215359141753941
131.531531531532,0.0224468508301102,0.0213570456472812
131.731731731732,0.0203157539059241,0.0211798852644532
131.931931931932,0.0309701253243448,0.0210044400349079
132.132132132132,0.0213890323752875,0.0208307168987956
132.332332332332,0.0142468590220551,0.0206587227281455
132.532532532533,0.0199255943444923,0.0204884643265933
132.732732732733,0.0195312018018981,0.0203199484291125
132.932932932933,0.0188596978363963,0.0201531817017474
133.133133133133,0.016065004991681,0.01998817074135
133.333333333333,0.0178159020875983,0.0198249220753187
133.533533533534,0.0147851326696664,0.0196634421613401
133.733733733734,0.0219726657667816,0.0195037373871338
133.933933933934,0.0245766717610531,0.0193458140701994
134.134134134134,0.0235060424846411,0.0191896784575669
134.334334334334,0.0213218076652059,0.0190353367255493
134.534534534535,0.0181526880617092,0.0188827949794985
134.734734734735,0.0202166811739714,0.0187320592535636
134.934934934935,0.0166900565164933,0.0185831355104523
135.135135135135,0.0159769101253459,0.0184360296411953
135.335335335335,0.016832644964494,0.0182907474649128
135.535535535536,0.0212681852729171,0.0181472947285844
135.735735735736,0.00674217604590803,0.018005677106822
135.935935935936,0.0252819797335511,0.0178659002016454
136.136136136136,0.0155547844894734,0.0177279695422601
136.336336336336,0.0184346681951737,0.0175918905848395
136.536536536537,0.0176013380994027,0.017457668712308
136.736736736737,0.0130417139211957,0.0173253092341289
136.936936936937,0.0133141377599237,0.0171948173860943
137.137137137137,0.0208832300227707,0.0170661983301173
137.337337337337,0.017725006674045,0.0169394571540287
137.537537537538,0.0238048407210446,0.0168145988713751
137.737737737738,0.0193021793532197,0.0166916284212209
137.937937937938,0.0092959033337188,0.0165705506679528
138.138138138138,0.0146471178793568,0.0164513704010873
138.338338338338,0.0221001395155597,0.0163340923350815
138.538538538539,0.0206064138694845,0.0162187211091463
138.738738738739,0.00641375844661633,0.0161052612870633
138.938938938939,0.0123016950600229,0.0159937173570038
139.139139139139,0.0195184241890691,0.0158840937313513
139.339339339339,0.0194566608075973,0.0157763947465275
139.53953953954,0.0182653572833401,0.0156706246628201
139.73973973974,0.0152998985736123,0.0155667876642147
139.93993993994,0.00481259565789472,0.015464887858229
140.14014014014,0.021135569232812,0.0153649292757508
140.34034034034,0.0214082733051433,0.0152669158708778
140.540540540541,0.0105912011725428,0.0151708515207619
140.740740740741,0.0138573687449893,0.0150767400254554
140.940940940941,0.0151212167815226,0.0149845851077609
141.141141141141,0.0118766912169514,0.0148943904130838
141.341341341341,0.0187817597791577,0.0148061595092884
141.541541541542,0.0133792651043922,0.0147198958865565
141.741741741742,0.017002444517909,0.0146356029572496
141.941941941942,0.00671224334102702,0.0145532840557736
142.142142142142,0.018440917339154,0.0144729424384473
142.342342342342,0.0160121186763098,0.0143945812833729
142.542542542543,0.0177766094896074,0.0143182036903112
142.742742742743,0.0111655592300865,0.0142438126805584
142.942942942943,0.0113959232571236,0.0141714111968266
143.143143143143,0.0138744808754773,0.0141010021031274
143.343343343343,0.0160938956559762,0.0140325881846591
143.543543543544,0.0122848072936538,0.0139661721476957
143.743743743744,0.017128585780237,0.0139017566194805
143.943943943944,0.0176901722328985,0.013839344148122
144.144144144144,0.0115134924328702,0.0137789372024929
144.344344344344,0.0148420397987109,0.0137205381721326
144.544544544545,0.0108825930693483,0.0136641493671527
144.744744744745,0.0146134140548752,0.0136097730181458
144.944944944945,0.0149472810982985,0.0135574112760967
145.145145145145,0.0115745266615567,0.0135070662122978
145.345345345345,0.0122654423840391,0.0134587398182671
145.545545545546,0.0146675065657391,0.0134124340056693
145.745745745746,0.0131974501292508,0.0133681506062402
145.945945945946,0.0160240752742376,0.0133258913717143
146.146146146146,0.00808107300839222,0.0132856579737555
146.346346346346,0.0149032019117771,0.0132474520038908
146.546546546547,0.0161097586616587,0.0132112749734478
146.746746746747,0.018790778896971,0.0131771283134942
146.946946946947,0.0107517709992532,0.0131450133747819
147.147147147147,0.0153336893384732,0.0131149314276932
147.347347347347,0.0176985442765552,0.0130868836621906
147.547547547548,0.00716333190784155,0.0130608711877697
147.747747747748,0.00620118227435974,0.0130368950334153
147.947947947948,0.00705476337686563,0.013014956147561
148.148148148148,0.0154861047737236,0.0129950553980512
148.348348348348,0.0167782365167759,0.012977193572107
148.548548548549,0.00856820186845083,0.0129613713762952
148.748748748749,0.0195682181641583,0.0129475894365
148.948948948949,0.0118425754861173,0.0129358482978988
149.149149149149,0.0154942896232074,0.01292614842494
149.349349349349,0.0130425612657528,0.0129184902013249
149.54954954955,0.00954067429800218,0.0129128739299928
149.74974974975,0.013622094195219,0.0129092998331084
149.94994994995,0.0137773590886617,0.0129077680520536
150.15015015015,0.0202596874964738,0.0129082786474217
150.35035035035,0.019045277795681,0.0129108315990148
150.550550550551,0.00824302248501162,0.0129154268058449
150.750750750751,0.0224229313340206,0.0129220640861378
150.950950950951,0.0132508413539382,0.0129307431773401
151.151151151151,0.012412535818806,0.0129414637361299
151.351351351351,0.000883875581075723,0.0129542253384301
151.551551551552,0.0156607389394531,0.0129690274794255
151.751751751752,0.0141558139464034,0.0129858695735823
151.951951951952,0.0129312446625116,0.0130047509546717
152.152152152152,0.0148470812438877,0.0130256708757962
152.352352352352,0.00951873894764404,0.0130486285094187
152.552552552553,0.00831563131148011,0.0130736229473959
152.752752752753,0.0121184488176238,0.0131006532010137
152.952952952953,0.00415222910711333,0.0131297182010266
153.153153153153,0.00942604320332591,0.0131608167976997
153.353353353353,0.0138937154571722,0.0131939477608548
153.553553553554,0.0169919267275119,0.0132291097799181
153.753753753754,0.0135538077754639,0.013266301463973
153.953953953954,0.0119910403737118,0.0133055213418146
154.154154154154,0.0170341423536793,0.0133467678620079
154.354354354354,0.0149012017171928,0.0133900393929494
154.554554554555,0.0199182743001575,0.0134353342229314
154.754754754755,0.0177176288698004,0.0134826505602099
154.954954954955,0.0147800599096418,0.0135319865330754
155.155155155155,0.0192960027576375,0.0135833401899269
155.355355355355,0.0136340130105492,0.0136367094993493
155.555555555556,0.0191987871080255,0.0136920923501933
155.755755755756,0.00854839306296143,0.0137494865516595
155.955955955956,0.0179986882365607,0.0138088898333846
156.156156156156,0.0145349646355631,0.0138702998455314
156.356356356356,0.0184491091354114,0.0139337141588819
156.556556556557,0.0158916406296637,0.0139991302649331
156.756756756757,0.0058429274797537,0.0140665455759962
156.956956956957,0.0168926549215963,0.0141359574252995
157.157157157157,0.0158157113132488,0.0142073630670932
157.357357357357,0.0169088721228469,0.0142807596767585
157.557557557558,0.0218518043067002,0.0143561443509191
157.757757757758,0.0220743316271173,0.0144335141075559
157.957957957958,0.0185564487697337,0.0145128658861257
158.158158158158,0.00798929345698027,0.0145941965476812
158.358358358358,0.0171879633729796,0.0146775028749959
158.558558558559,0.00840158163400263,0.0147627815726914
158.758758758759,0.010298376239101,0.0148500292673672
158.958958958959,0.0146954503157819,0.0149392425077346
159.159159159159,0.0114550592776102,0.0150304177647531
159.359359359359,0.00889511859372281,0.01512355143177
159.55955955956,0.013934644972903,0.0152186398246632
159.75975975976,0.0186988609386902,0.0153156791819864
159.95995995996,0.0138633539845302,0.0154146656651188
160.16016016016,0.0137479726024325,0.015515595358416
160.36036036036,0.0188643304589634,0.0156184642693656
160.560560560561,0.0210490067785012,0.0157232683287448
160.760760760761,0.00855657229581159,0.0158300033907814
160.960960960961,0.0154160422133072,0.0159386652333179
161.161161161161,0.0201124716484274,0.0160492495579783
161.361361361361,0.0231381712170538,0.0161617519903384
161.561561561562,0.0250740662513261,0.0162761680800987
161.761761761762,0.0178051149899162,0.0163924933012605
161.961961961962,0.0137342422771379,0.0165107230523047
162.162162162162,0.0183625340040529,0.0166308526563743
162.362362362362,0.0203269165795731,0.0167528773614589
162.562562562563,0.0168844890824659,0.016876792340583
162.762762762763,0.0204432162824383,0.0170025926919969
162.962962962963,0.0111908234731446,0.0171302734393705
163.163163163163,0.0106530698065117,0.01725982953199
163.363363363363,0.0205323502531542,0.0173912558449583
163.563563563564,0.00819273085284767,0.0175245471793969
163.763763763764,0.0193744711362334,0.0176596982626522
163.963963963964,0.014771358258025,0.0177967037485038
164.164164164164,0.0222770790735892,0.017935558217376
164.364364364364,0.0213736185199257,0.0180762561765522
164.564564564565,0.0231839645991229,0.0182187920603923
164.764764764765,0.0190555071379035,0.0183631602305525
164.964964964965,0.0107639346303778,0.0185093549762089
165.165165165165,0.0105987178302887,0.0186573705142829
165.365365365365,0.0188598642493768,0.0188072009896701
165.565565565566,0.0231874961123964,0.0189588404754721
165.765765765766,0.0137630718955368,0.0191122829732308
165.965965965966,0.018780300172086,0.0192675224131656
166.166166166166,0.0299049449489152,0.0194245526544137
166.366366366366,0.0196694522549407,0.019583367485273
166.566566566567,0.0186242739378087,0.0197439606234475
166.766766766767,0.0207736792973616,0.0199063257162963
166.966966966967,0.0268716978649113,0.0200704563410845
167.167167167167,0.0158901555639419,0.0202363460052375
167.367367367367,0.0173146946350709,0.0204039881465976
167.567567567568,0.02349424193216,0.020573376133684
167.767767767768,0.0162468219966206,0.0207445032659544
167.967967967968,0.0242510508899073,0.020917362774071
168.168168168168,0.0182785330375362,0.0210919478201674
168.368368368368,0.0279488297551148,0.0212682514981198
168.568568568569,0.0252423613612127,0.0214462668338196
168.768768768769,0.0241830196848568,0.0216259867854495
168.968968968969,0.0152553169561349,0.0218074042437623
169.169169169169,0.0145260383484531,0.0219905120323619
169.369369369369,0.0188530744993206,0.0221753029079869
169.56956956957,0.0268638310474295,0.0223617695607978
169.76976976977,0.0245903646351472,0.0225499046146655
169.96996996997,0.0195773860615345,0.0227397006274634
170.17017017017,0.0216019715378303,0.022931150091362
170.37037037037,0.0295758780589196,0.0231242454331252
170.570570570571,0.0259543299678928,0.0233189790144107
170.770770770771,0.0160689467937679,0.0235153431320715
170.970970970971,0.0259036253900902,0.0237133300184611
171.171171171171,0.0347244386295908,0.0239129318417404
171.371371371371,0.0317132018828298,0.0241141407061876
171.571571571572,0.0235560308740055,0.0243169486525108
171.771771771772,0.0214650697467666,0.0245213476581625
171.971971971972,0.00746456998816949,0.024727329637657
172.172172172172,0.0325907347565487,0.0249348864428906
172.372372372372,0.0261629622953135,0.0251440098634634
172.572572572573,0.0217331526565408,0.0253546916270045
172.772772772773,0.0267864103946504,0.0255669233994989
172.972972972973,0.0217166314522953,0.0257806967856174
173.173173173173,0.0358514644383229,0.0259960033290487
173.373373373373,0.0345954718984583,0.0262128345128337
173.573573573574,0.0321072078517674,0.0264311817597028
173.773773773774,0.0231358974985842,0.0266510364324146
173.973973973974,0.0241681453182657,0.0268723898340981
174.174174174174,0.0253354049901825,0.0270952332085967
174.374374374374,0.0265837017808676,0.027319557740814
174.574574574575,0.0273264358089954,0.0275453545570633
174.774774774775,0.0292161528870014,0.0277726147254179
174.974974974975,0.028259346025135,0.028001329256065
175.175175175175,0.0310222635301486,0.028231489101661
175.375375375375,0.0333216040877388,0.0284630851576894
175.575575575576,0.0285195989133892,0.028696108262821
175.775775775776,0.0362223108524507,0.0289305491992764
175.975975975976,0.021873407908178,0.0291663986931904
176.176176176176,0.0320740877844288,0.029403647414979
176.376376376376,0.0267662989899357,0.0296422859797085
176.576576576577,0.0363603547949177,0.0298823049474668
176.776776776777,0.0302434411453891,0.0301236948237363
176.976976976977,0.0270904273771453,0.0303664460597704
177.177177177177,0.0265098129825517,0.0306105490529701
177.377377377377,0.0298881040742622,0.0308559941472652
177.577577577578,0.0309988054471279,0.0311027716334947
177.777777777778,0.0272538589444726,0.0313508717497923
177.977977977978,0.026671216847366,0.0316002846819717
178.178178178178,0.0208606703771392,0.0318510005639151
178.378378378378,0.0383833918270121,0.0321030094779634
178.578578578579,0.0325677487454936,0.0323563014553086
178.778778778779,0.0266052820159832,0.0326108664763882
178.978978978979,0.0305973527044413,0.0328666944712812
179.179179179179,0.0269087068628022,0.0331237753201069
179.379379379379,0.02860822904082,0.033382098853425
179.57957957958,0.0311887044204117,0.0336416548526377
179.77977977978,0.0308454554923351,0.0339024330503943
179.97997997998,0.0366894170733834,0.034164423130997
180.18018018018,0.0291417184616783,0.0344276147308092
180.38038038038,0.0501366859025395,0.0346919974386654
180.580580580581,0.0320560790543853,0.0349575607962829
180.780780780781,0.0399063064309436,0.0352242942986757
180.980980980981,0.0308285936533882,0.0354921873945698
181.181181181181,0.0303577325172832,0.035761229486821
181.381381381381,0.039112666524893,0.0360314099328337
181.581581581582,0.0357563387866045,0.0363027180449819
181.781781781782,0.0296118982467834,0.0365751430910322
181.981981981982,0.0320030479113718,0.0368486742945685
182.182182182182,0.0340703754311001,0.0371233008354175
182.382382382382,0.0372326485647999,0.0373990118500778
182.582582582583,0.0357344465186282,0.0376757964321486
182.782782782783,0.041317476104892,0.0379536436327619
182.982982982983,0.0339334253333115,0.0382325424610152
183.183183183183,0.0414771102524546,0.0385124818844065
183.383383383383,0.035374742337736,0.0387934508292704
183.583583583584,0.0381977788988625,0.0390754381812165
183.783783783784,0.0446042149371626,0.039358432785569
183.983983983984,0.0418181816908612,0.0396424234478074
184.184184184184,0.040235557090072,0.0399273989340104
184.384384384384,0.0421392961106935,0.0402133479712991
184.584584584585,0.03521223212464,0.040500259248284
184.784784784785,0.0404404028166945,0.0407881214155115
184.984984984985,0.0422561229729788,0.0410769230859135
185.185185185185,0.0411782258343378,0.0413666528352575
185.385385385385,0.0396156828455705,0.0416572992025989
185.585585585586,0.0378695086140844,0.0419488506907338
185.785785785786,0.0450139426566245,0.0422412957666545
185.985985985986,0.0526211096079486,0.0425346228620048
186.186186186186,0.042657303933809,0.0428288203735386
186.386386386386,0.0411377900774758,0.0431238766635781
186.586586586587,0.056135100270113,0.0434197800604748
186.786786786787,0.0544049914434353,0.0437165188590706
186.986986986987,0.0404329509871499,0.0440140813211613
187.187187187187,0.0432408391862322,0.0443124556759607
187.387387387387,0.0561966095466437,0.0446116301205662
187.587587587588,0.0458877387508174,0.0449115928204258
187.787787787788,0.0416742337584909,0.0452123319098062
187.987987987988,0.0436599916676707,0.0455138354922622
188.188188188188,0.0521543297162452,0.0458160916411073
188.388388388388,0.0524011012476188,0.0461190883998854
188.588588588589,0.0428227188543624,0.0464228137828438
188.788788788789,0.0513042808454964,0.0467272557754073
188.988988988989,0.0485907856438826,0.0470324023346538
189.189189189189,0.0488752242002393,0.0473382413897901
189.389389389389,0.0429256280864897,0.0476447608426297
189.58958958959,0.0521751500319691,0.0479519485680715
189.78978978979,0.0433780693444285,0.0482597924145794
189.98998998999,0.0473582960739414,0.0485682802046625
190.19019019019,0.0512452641163002,0.0488773997353576
190.39039039039,0.0459161264322543,0.0491871387787113
190.590590590591,0.0397156033868624,0.0494974850822638
190.790790790791,0.0518309898003535,0.0498084263695339
190.990990990991,0.0623506720519449,0.0501199503405045
191.191191191191,0.0518550624999516,0.0504320446721086
191.391391391391,0.0424168705466283,0.0507446970187179
191.591591591592,0.0566454976784563,0.0510578950126298
191.791791791792,0.0407339574992937,0.051371626264558
191.991991991992,0.0575846875419581,0.0516858783641214
192.192192192192,0.047219595744239,0.0520006388803358
192.392392392392,0.0469949858768151,0.0523158953621052
192.592592592593,0.0485723297354055,0.0526316353387149
192.792792792793,0.050073110990114,0.0529478463203239
192.992992992993,0.0469969878446082,0.0532645157984598
193.193193193193,0.0589150132277799,0.0535816312465132
193.393393393393,0.0601824214365828,0.0538991801202335
193.593593593594,0.0536456924243026,0.0542171498582244
193.793793793794,0.0597420422271457,0.0545355278824421
193.993993993994,0.0499570228093128,0.0548543015986912
194.194194194194,0.0639663653995141,0.0551734583971245
194.394394394394,0.06042920187375,0.0554929856527407
194.594594594595,0.0593194099948738,0.0558128707258844
194.794794794795,0.0607017663854763,0.0561331009627455
194.994994994995,0.0622545830899073,0.0564536636958606
195.195195195195,0.0574999011701076,0.0567745462446134
195.395395395395,0.0616605590151852,0.0570957359157365
195.595595595596,0.061269475550858,0.0574172200038135
195.795795795796,0.0548889014234683,0.057738985791782
195.995995995996,0.054493908496952,0.0580610205514359
196.196196196196,0.0552795857399413,0.0583833115439294
196.396396396396,0.0565692192764746,0.058705846020281
196.596596596597,0.063221641339651,0.0590286112218772
196.796796796797,0.0523613996114628,0.0593515943809781
196.996996996997,0.0659939344286364,0.0596747827212216
197.197197197197,0.0584660283509796,0.0599981634581294
197.397397397397,0.0651724666503746,0.0603217237996124
197.597597597598,0.0590847375520559,0.0606454509464769
197.797797797798,0.0640681820575686,0.0609693320929307
197.997997997998,0.0738882954240762,0.0612933544270898
198.198198198198,0.063198760169965,0.0616175051314854
198.398398398398,0.0603333207360178,0.0619417713835702
198.598598598599,0.0605663328087725,0.0622661403562269
198.798798798799,0.0655335979779206,0.062590599218274
198.998998998999,0.06607126947075,0.062915135134975
199.199199199199,0.0658385103165266,0.0632397352685448
199.399399399399,0.063791527780937,0.0635643867786581
199.5995995996,0.064985170104145,0.0638890768229576
199.7997997998,0.062685557015363,0.0642137925575613
200,0.0785435748700339,0.0645385211375712
